A+A:Lccession;Org_location;Geo_Location;Country;USA;Host;Host family;Tissue_Specimen_Source;Collection_Date;Total Monthly Precipitation;Monthly Maximum Temperature;Monthly Minimum Temperature;;
OX442283;Germany;Germany: Berlin;Germany;;Cyanistes caeruleus;Bird;;2020-08;1.97;28.3;14.7;;
OX442296;Germany;Germany: Berlin;Germany;;Cyanistes caeruleus;Bird;;2020-08;1.97;28.3;14.7;;
OX442347;Germany;Germany: Berlin;Germany;;Cyanistes caeruleus;Bird;;2020-07-07;1.32;24.2;12.0;;
DQ874428;USA;USA: Illinois, Crawford;USA;IL;Cyanocitta cristata;Bird;;2002-08-05;6.25;28.9;18.1;;
DQ874432;USA;USA: Illinois, Clinton;USA;IL;Cyanocitta cristata;Bird;;2002-08-09;6.25;28.9;18.1;;
DQ874434;USA;USA: Illinois, Perry;USA;IL;Cyanocitta cristata;Bird;;2002-08-16;6.25;28.9;18.1;;
DQ874433;USA;USA: Illinois, Perry;USA;IL;Cyanocitta cristata;Bird;;2002-08-18;6.25;28.9;18.1;;
DQ874435;USA;USA: Illinois, Perry;USA;IL;Cyanocitta cristata;Bird;;2002-08-20;6.25;28.9;18.1;;
DQ874436;USA;USA: Illinois, Macoupin;USA;IL;Cyanocitta cristata;Bird;;2002-08-22;6.25;28.9;18.1;;
DQ874438;USA;USA: Illinois, Douglas;USA;IL;Cyanocitta cristata;Bird;;2002-08-27;6.25;28.9;18.1;;
DQ874439;USA;USA: Illinois, Moultrie;USA;IL;Cyanocitta cristata;Bird;;2002-08-28;6.25;28.9;18.1;;
DQ874451;USA;USA: Illinois, Cook;USA;IL;Cyanocitta cristata;Bird;;2003-07-09;5.50;28.1;17.1;;
OQ326499;Germany;Germany: Thuringia;Germany;;Trichoglossus moluccanus;Bird;blood;2021-05-19;2.8;15.3;6.1;;
OM037670;Spain;Spain: Lerida, Catalonia;Spain;;Accipiter gentilis;Bird;brain;2017-09;0.55;26.7;12.9;;
MW915462;Spain;Spain: Manilva, Malaga;Spain;;Accipiter gentilis;Bird;brain;2017-09;0.06;29.6;19.3;;
OM037671;Spain;Spain: Lerida, Catalonia;Spain;;Accipiter gentilis;Bird;brain;2020-09;0.19;28.4;14.6;;
OM037672;Spain;Spain: Tarragona, Catalonia;Spain;;Accipiter gentilis;Bird;brain;2020-09;0.53;27.2;17.6;;
OM037673;Spain;Spain: Tarragona, Catalonia;Spain;;Accipiter gentilis;Bird;brain;2020-09;0.53;27.2;17.6;;
PQ641624;Spain;Spain: BARCELONA ZONA UNIVERSITARIA;Spain;;Larus michahellis;Bird;brain;2023-07-28;0.09;31.3;22.9;;
OX442293;Germany;Germany: Berlin;Germany;;Phoenicopterus chilensis;Bird;;2020-08-25;1.97;28.3;14.7;;
OX442271;Germany;Germany: Saxony;Germany;;Phoenicopterus chilensis;Bird;;2020-09;2.15;22.6;9.1;;
DQ874421;USA;USA: Illinois, Cook;USA;IL;Sciurus carolinensis;Bird;;2005-08-20;2.19;29.1;17.4;;
DQ874422;USA;USA: Illinois, Cook;USA;IL;Sciurus carolinensis;Bird;;2005-09-02;2.60;23.5;13.7;;
DQ874423;USA;USA: Illinois, Cook;USA;IL;Sciurus carolinensis;Bird;;2005-09-17;2.60;23.5;13.7;;
KX547474;USA;USA: Albany Co., NY;USA;NY;Sciurus carolinensis;Bird;;2002-10-11;5.18;13.2;3.6;;
OX442284;Germany;Germany: Thuringia;Germany;;Bubo scandiacus;Bird;;2020-07-12;1.05;23.6;11.3;;
KY652382;Turkey;Hatay Province, Turkey;Turkey;;Clanga pomarina;Bird;heart;2016-09-01;3.10;30.7;23.7;;
KY711339;Turkey;Hatay Province, Turkey;Turkey;;Clanga pomarina;Bird;kidney, abdominal cavity;2016-09-01;3.10;30.7;23.7;;
DQ823116;USA;USA: Albany Co., NY;USA;NY;Corvus brachyrhynchos;Bird;kidney, abdominal cavity;2004-06-18;2.20;23.9;12.0;;
DQ823142;USA;USA: Albany Co., NY;USA;NY;Corvus brachyrhynchos;Bird;kidney, abdominal cavity;2005-09-03;1.72;24.9;11.8;;
KY711338;Turkey;Hatay Province, Turkey;Turkey;;Clanga pomarina;Bird;spleen, abdominal cavity;2016-09-01;3.10;30.7;23.7;;
MH507632;USA;USA: San_Diego,California;USA;CA;Accipiter cooperii;Bird;tissue;2008-06-25;0.01;28.9;13.7;;
OQ721248;USA;USA: San Diego, California;USA;CA;Accipiter cooperii;Bird;tissue;2008-11-17;1.75;22.9;9.4;;
MH507677;USA;USA: San_Diego,California;USA;CA;Accipiter striatus;Bird;tissue;2015-08-18;0.02;31.4;18.1;;
MH507982;USA;USA: San_Diego,California;USA;CA;Accipiter striatus;Bird;tissue;2015-12-16;1.75;16.6;4.2;;
OQ721156;USA;USA: Sacramento, California;USA;CA;Aphelocoma californica;Bird;tissue;2007-07-24;0.00;33.7;15.6;;
OQ721654;USA;USA: Sacramento, California;USA;CA;Aphelocoma californica;Bird;tissue;2007-07-24;0.00;33.7;15.6;;
OQ721173;USA;USA: Sacramento, California;USA;CA;Aphelocoma californica;Bird;tissue;2008-07-06;0.00;33.8;15.4;;
OQ721376;USA;USA: Sacramento, California;USA;CA;Aphelocoma californica;Bird;tissue;2009-08-18;0.00;33.4;14.9;;
OQ721135;USA;USA: Sacramento, California;USA;CA;Aphelocoma californica;Bird;tissue;2009-09-27;0.19;32.9;14.6;;
OQ721379;USA;USA: Sacramento, California;USA;CA;Aphelocoma californica;Bird;tissue;2009-10-02;2.77;23.4;10.0;;
OQ721265;USA;USA: Sacramento, California;USA;CA;Aphelocoma californica;Bird;tissue;2010-09-12;0.02;31.5;13.9;;
OQ721115;USA;USA: Sacramento, California;USA;CA;Aphelocoma californica;Bird;tissue;2012-06-07;0.06;30.9;13.6;;
OQ721783;USA;USA: Sacramento, California;USA;CA;Aphelocoma californica;Bird;tissue;2012-06-28;0.06;30.9;13.6;;
OQ721801;USA;USA: Sacramento, California;USA;CA;Aphelocoma californica;Bird;tissue;2014-06-15;0.00;33.0;14.4;;
OQ721200;USA;USA: Sacramento, California;USA;CA;Aphelocoma californica;Bird;tissue;2014-08-12;0.01;32.7;16.0;;
OQ721215;USA;USA: Sacramento, California;USA;CA;Aphelocoma californica;Bird;tissue;2015-08-06;0.00;33.8;16.1;;
OQ721331;USA;USA: Sacramento, California;USA;CA;Aphelocoma californica;Bird;tissue;2016-06-15;0.00;33.2;14.7;;
OQ721120;USA;USA: Sacramento, California;USA;CA;Aphelocoma californica;Bird;tissue;2017-06-07;0.26;32.7;15.4;;
MH507828;USA;USA: Bakersfield,California;USA;CA;Aphelocoma californica;Bird;tissue;2006-07-21;0.00;38.4;23.7;;
MH507829;USA;USA: Bakersfield,California;USA;CA;Aphelocoma californica;Bird;tissue;2006-07-31;0.00;38.4;23.7;;
MH507830;USA;USA: Bakersfield,California;USA;CA;Aphelocoma californica;Bird;tissue;2006-08-01;0.00;34.8;19.7;;
MH507831;USA;USA: Bakersfield,California;USA;CA;Aphelocoma californica;Bird;tissue;2006-08-02;0.00;34.8;19.7;;
MH507833;USA;USA: Bakersfield,California;USA;CA;Aphelocoma californica;Bird;tissue;2006-08-09;0.00;34.8;19.7;;
MH507835;USA;USA: Bakersfield,California;USA;CA;Aphelocoma californica;Bird;tissue;2006-08-15;0.00;34.8;19.7;;
MH507837;USA;USA: Bakersfield,California;USA;CA;Aphelocoma californica;Bird;tissue;2006-08-30;0.00;34.8;19.7;;
MH507838;USA;USA: Bakersfield,California;USA;CA;Aphelocoma californica;Bird;tissue;2007-06-07;0.00;33.6;18.5;;
MH507839;USA;USA: Bakersfield,California;USA;CA;Aphelocoma californica;Bird;tissue;2007-06-13;0.00;33.6;18.5;;
MH507840;USA;USA: Bakersfield,California;USA;CA;Aphelocoma californica;Bird;tissue;2007-06-14;0.00;33.6;18.5;;
MH507841;USA;USA: Bakersfield,California;USA;CA;Aphelocoma californica;Bird;tissue;2007-06-20;0.00;33.6;18.5;;
MH507842;USA;USA: Bakersfield,California;USA;CA;Aphelocoma californica;Bird;tissue;2007-06-22;0.00;33.6;18.5;;
MH507843;USA;USA: Bakersfield,California;USA;CA;Aphelocoma californica;Bird;tissue;2007-06-25;0.00;33.6;18.5;;
MH507844;USA;USA: Bakersfield,California;USA;CA;Aphelocoma californica;Bird;tissue;2007-06-25;0.00;33.6;18.5;;
MH507845;USA;USA: Bakersfield,California;USA;CA;Aphelocoma californica;Bird;tissue;2007-06-29;0.00;33.6;18.5;;
MH507846;USA;USA: Bakersfield,California;USA;CA;Aphelocoma californica;Bird;tissue;2007-06-29;0.00;33.6;18.5;;
MH507847;USA;USA: Bakersfield,California;USA;CA;Aphelocoma californica;Bird;tissue;2007-07-05;0.00;35.9;21.3;;
MH507848;USA;USA: Bakersfield,California;USA;CA;Aphelocoma californica;Bird;tissue;2007-07-09;0.00;35.9;21.3;;
MH507849;USA;USA: Bakersfield,California;USA;CA;Aphelocoma californica;Bird;tissue;2007-07-09;0.00;35.9;21.3;;
MH507850;USA;USA: Bakersfield,California;USA;CA;Aphelocoma californica;Bird;tissue;2007-07-09;0.00;35.9;21.3;;
MH507851;USA;USA: Bakersfield,California;USA;CA;Aphelocoma californica;Bird;tissue;2007-07-12;0.00;35.9;21.3;;
MH507710;USA;USA: San_Andreas,California;USA;CA;Baeolophus inornatus;Bird;tissue;2008-08-12;0.16;30.5;16.9;;
MH507983;USA;USA: San_Diego,California;USA;CA;Buteo lineatus;Bird;tissue;2015-12-30;1.75;16.6;4.2;;
MH507853;USA;USA: Bakersfield,California;USA;CA;Calypte costae;Bird;tissue;2008-06-27;0.00;34.3;18.7;;
OQ721402;USA;USA: Sacramento, California;USA;CA;Corvus brachyrhynchos;Bird;tissue;2008-03-05;0.11;19.7;5.9;;
OQ721231;USA;USA: Sacramento, California;USA;CA;Corvus brachyrhynchos;Bird;tissue;2010-07-02;0.00;33.3;14.3;;
OQ721623;USA;USA: Sacramento, California;USA;CA;Corvus brachyrhynchos;Bird;tissue;2010-07-09;0.00;33.3;14.3;;
OQ721206;USA;USA: Sacramento, California;USA;CA;Corvus brachyrhynchos;Bird;tissue;2010-08-02;0.00;31.6;13.4;;
OQ721679;USA;USA: Sacramento, California;USA;CA;Corvus brachyrhynchos;Bird;tissue;2010-09-17;0.02;31.5;13.9;;
OQ721742;USA;USA: Sacramento, California;USA;CA;Corvus brachyrhynchos;Bird;tissue;2010-09-22;0.02;31.5;13.9;;
OQ721167;USA;USA: Sacramento, California;USA;CA;Corvus brachyrhynchos;Bird;tissue;2011-08-18;0.00;33.3;14.4;;
OQ721691;USA;USA: Sacramento, California;USA;CA;Corvus brachyrhynchos;Bird;tissue;2011-08-20;0.00;33.3;14.4;;
OQ721712;USA;USA: Sacramento, California;USA;CA;Corvus brachyrhynchos;Bird;tissue;2011-08-24;0.00;33.3;14.4;;
OQ721113;USA;USA: Sacramento, California;USA;CA;Corvus brachyrhynchos;Bird;tissue;2011-08-29;0.00;33.3;14.4;;
OQ721494;USA;USA: Sacramento, California;USA;CA;Corvus brachyrhynchos;Bird;tissue;2011-09-02;0.00;33.1;14.6;;
OQ721312;USA;USA: Sacramento, California;USA;CA;Corvus brachyrhynchos;Bird;tissue;2011-09-06;0.00;33.1;14.6;;
OQ721313;USA;USA: Sacramento, California;USA;CA;Corvus brachyrhynchos;Bird;tissue;2012-05-28;0.05;28.5;11.4;;
OQ721556;USA;USA: Sacramento, California;USA;CA;Corvus brachyrhynchos;Bird;tissue;2012-06-13;0.06;30.9;13.6;;
OQ721796;USA;USA: Sacramento, California;USA;CA;Corvus brachyrhynchos;Bird;tissue;2012-06-23;0.06;30.9;13.6;;
OQ721700;USA;USA: Sacramento, California;USA;CA;Corvus brachyrhynchos;Bird;tissue;2013-05-31;0.37;28.4;12.6;;
OQ721715;USA;USA: Sacramento, California;USA;CA;Corvus brachyrhynchos;Bird;tissue;2013-07-02;0.00;34.6;15.6;;
OQ721746;USA;USA: Sacramento, California;USA;CA;Corvus brachyrhynchos;Bird;tissue;2013-07-30;0.00;34.6;15.6;;
OQ721497;USA;USA: Sacramento, California;USA;CA;Corvus brachyrhynchos;Bird;tissue;2013-09-18;0.60;29.8;14.2;;
OQ721519;USA;USA: Sacramento, California;USA;CA;Corvus brachyrhynchos;Bird;tissue;2014-07-10;0.02;34.5;16.8;;
OQ721414;USA;USA: Sacramento, California;USA;CA;Corvus brachyrhynchos;Bird;tissue;2014-09-04;0.54;31.9;15.2;;
OQ721823;USA;USA: Sacramento, California;USA;CA;Corvus brachyrhynchos;Bird;tissue;2014-09-07;0.54;31.9;15.2;;
OQ721237;USA;USA: Sacramento, California;USA;CA;Corvus brachyrhynchos;Bird;tissue;2015-10-04;0.31;28.9;13.1;;
OQ721764;USA;USA: Sacramento, California;USA;CA;Corvus brachyrhynchos;Bird;tissue;2016-06-20;0.00;33.2;14.7;;
OQ721131;USA;USA: Sacramento, California;USA;CA;Corvus brachyrhynchos;Bird;tissue;2016-07-10;0.00;34.4;15.6;;
OQ721566;USA;USA: Sacramento, California;USA;CA;Corvus brachyrhynchos;Bird;tissue;2017-05-23;0.15;27.9;12.0;;
OQ721236;USA;USA: Sacramento, California;USA;CA;Corvus brachyrhynchos;Bird;tissue;2017-09-08;0.00;31.4;15.4;;
OQ721627;USA;USA: San Diego, California;USA;CA;Corvus brachyrhynchos;Bird;tissue;2008-04-16;0.02;22.1;7.7;;
MH507627;USA;USA: San_Diego,California;USA;CA;Corvus brachyrhynchos;Bird;tissue;2008-05-14;0.47;22.3;10.0;;
MH507949;USA;USA: San_Diego,California;USA;CA;Corvus brachyrhynchos;Bird;tissue;2008-05-22;0.47;22.3;10.0;;
OQ721180;USA;USA: San Diego, California;USA;CA;Corvus brachyrhynchos;Bird;tissue;2008-06-02;0.01;28.9;13.7;;
MH507628;USA;USA: San_Diego,California;USA;CA;Corvus brachyrhynchos;Bird;tissue;2008-06-11;0.01;28.9;13.7;;
OQ721224;USA;USA: San Diego, California;USA;CA;Corvus brachyrhynchos;Bird;tissue;2008-06-18;0.01;28.9;13.7;;
OQ721457;USA;USA: San Diego, California;USA;CA;Corvus brachyrhynchos;Bird;tissue;2008-06-18;0.01;28.9;13.7;;
OQ721492;USA;USA: San Diego, California;USA;CA;Corvus brachyrhynchos;Bird;tissue;2008-06-18;0.01;28.9;13.7;;
OQ721761;USA;USA: San Diego, California;USA;CA;Corvus brachyrhynchos;Bird;tissue;2008-07-28;0.06;30.1;16.1;;
OQ721447;USA;USA: San Diego, California;USA;CA;Corvus brachyrhynchos;Bird;tissue;2008-08-06;0.16;30.5;16.9;;
OQ721721;USA;USA: San Diego, California;USA;CA;Corvus brachyrhynchos;Bird;tissue;2008-08-11;0.16;30.5;16.9;;
OQ721570;USA;USA: San Diego, California;USA;CA;Corvus brachyrhynchos;Bird;tissue;2008-08-25;0.16;30.5;16.9;;
MH507950;USA;USA: San_Diego,California;USA;CA;Corvus brachyrhynchos;Bird;tissue;2008-09-05;0.01;29.8;15.3;;
OQ721624;USA;USA: San Diego, California;USA;CA;Corvus brachyrhynchos;Bird;tissue;2008-09-10;0.01;29.8;15.3;;
OQ721371;USA;USA: San Diego, California;USA;CA;Corvus brachyrhynchos;Bird;tissue;2008-09-12;0.01;29.8;15.3;;
MH507631;USA;USA: San_Diego,California;USA;CA;Corvus brachyrhynchos;Bird;tissue;2008-09-15;0.01;29.8;15.3;;
OQ721174;USA;USA: San Diego, California;USA;CA;Corvus brachyrhynchos;Bird;tissue;2008-09-19;0.01;29.8;15.3;;
OQ721838;USA;USA: San Diego, California;USA;CA;Corvus brachyrhynchos;Bird;tissue;2008-09-23;0.01;29.8;15.3;;
OQ721161;USA;USA: San Diego, California;USA;CA;Corvus brachyrhynchos;Bird;tissue;2008-09-24;0.01;29.8;15.3;;
OQ721547;USA;USA: San Diego, California;USA;CA;Corvus brachyrhynchos;Bird;tissue;2008-09-24;0.01;29.8;15.3;;
MH507951;USA;USA: San_Diego,California;USA;CA;Corvus brachyrhynchos;Bird;tissue;2008-09-26;0.01;29.8;15.3;;
OQ721184;USA;USA: San Diego, California;USA;CA;Corvus brachyrhynchos;Bird;tissue;2008-11-05;1.75;22.9;9.4;;
OQ721607;USA;USA: San Diego, California;USA;CA;Corvus brachyrhynchos;Bird;tissue;2008-11-10;1.75;22.9;9.4;;
MH507638;USA;USA: San_Diego,California;USA;CA;Corvus brachyrhynchos;Bird;tissue;2008-12-01;4.32;16.2;5.1;;
MH507953;USA;USA: San_Diego,California;USA;CA;Corvus brachyrhynchos;Bird;tissue;2008-12-01;4.32;16.2;5.1;;
OQ721398;USA;USA: San Diego, California;USA;CA;Corvus brachyrhynchos;Bird;tissue;2009-01-16;0.18;19.9;6.8;;
OQ721629;USA;USA: San Diego, California;USA;CA;Corvus brachyrhynchos;Bird;tissue;2009-02-05;3.51;16.9;5.0;;
OQ721240;USA;USA: San Diego, California;USA;CA;Corvus brachyrhynchos;Bird;tissue;2009-03-23;0.16;19.5;5.7;;
OQ721677;USA;USA: San Diego, California;USA;CA;Corvus brachyrhynchos;Bird;tissue;2009-06-23;0.05;24.7;13.1;;
MH507957;USA;USA: San_Diego,California;USA;CA;Corvus brachyrhynchos;Bird;tissue;2009-09-15;0.05;30.5;16.1;;
MH507952;USA;USA: San_Diego,California;USA;CA;Corvus brachyrhynchos;Bird;tissue;2009-09-29;0.05;30.5;16.1;;
OQ721411;USA;USA: San Diego, California;USA;CA;Corvus brachyrhynchos;Bird;tissue;2009-09-30;0.05;30.5;16.1;;
MH507958;USA;USA: San_Diego,California;USA;CA;Corvus brachyrhynchos;Bird;tissue;2009-09-30;0.05;30.5;16.1;;
MH507959;USA;USA: San_Diego,California;USA;CA;Corvus brachyrhynchos;Bird;tissue;2009-10-09;0.08;24.1;10.2;;
OQ721395;USA;USA: San Diego, California;USA;CA;Corvus brachyrhynchos;Bird;tissue;2009-10-22;0.08;24.1;10.2;;
OQ721346;USA;USA: San Diego, California;USA;CA;Corvus brachyrhynchos;Bird;tissue;2009-12-09;3.33;16.0;4.9;;
MH507612;USA;USA: San_Diego,California;USA;CA;Corvus brachyrhynchos;Bird;tissue;2012-10-29;0.55;26.0;11.7;;
MH507653;USA;USA: San_Diego,California;USA;CA;Corvus brachyrhynchos;Bird;tissue;2013-11-01;0.66;20.4;8.2;;
OQ721655;USA;USA: San Diego, California;USA;CA;Corvus brachyrhynchos;Bird;tissue;2014-07-14;0.10;30.5;17.5;;
MH507657;USA;USA: San_Diego,California;USA;CA;Corvus brachyrhynchos;Bird;tissue;2014-07-17;0.10;30.5;17.5;;
MH507658;USA;USA: San_Diego,California;USA;CA;Corvus brachyrhynchos;Bird;tissue;2014-08-13;0.30;29.8;16.9;;
MH507960;USA;USA: San_Diego,California;USA;CA;Corvus brachyrhynchos;Bird;tissue;2014-08-13;0.30;29.8;16.9;;
MH507961;USA;USA: San_Diego,California;USA;CA;Corvus brachyrhynchos;Bird;tissue;2014-09-23;0.13;30.2;16.9;;
OQ721151;USA;USA: San Diego, California;USA;CA;Corvus brachyrhynchos;Bird;tissue;2014-09-29;0.13;30.2;16.9;;
OQ721166;USA;USA: San Diego, California;USA;CA;Corvus brachyrhynchos;Bird;tissue;2014-10-02;0.00;27.3;13.1;;
MH507662;USA;USA: San_Diego,California;USA;CA;Corvus brachyrhynchos;Bird;tissue;2014-10-03;0.00;27.3;13.1;;
MH507962;USA;USA: San_Diego,California;USA;CA;Corvus brachyrhynchos;Bird;tissue;2014-11-10;0.69;22.1;9.0;;
MH507666;USA;USA: San_Diego,California;USA;CA;Corvus brachyrhynchos;Bird;tissue;2014-11-17;0.69;22.1;9.0;;
MH507964;USA;USA: San_Diego,California;USA;CA;Corvus brachyrhynchos;Bird;tissue;2014-11-17;0.69;22.1;9.0;;
MH507670;USA;USA: San_Diego,California;USA;CA;Corvus brachyrhynchos;Bird;tissue;2015-04-16;0.32;22.2;9.1;;
MH507967;USA;USA: San_Diego,California;USA;CA;Corvus brachyrhynchos;Bird;tissue;2015-04-16;0.32;22.2;9.1;;
MH507968;USA;USA: San_Diego,California;USA;CA;Corvus brachyrhynchos;Bird;tissue;2015-04-28;0.32;22.2;9.1;;
OQ721275;USA;USA: San Diego, California;USA;CA;Corvus brachyrhynchos;Bird;tissue;2015-05-11;1.63;20.6;10.8;;
MH507969;USA;USA: San_Diego,California;USA;CA;Corvus brachyrhynchos;Bird;tissue;2015-06-05;0.06;28.1;15.5;;
MH507970;USA;USA: San_Diego,California;USA;CA;Corvus brachyrhynchos;Bird;tissue;2015-07-02;1.31;28.4;16.4;;
MH507971;USA;USA: San_Diego,California;USA;CA;Corvus brachyrhynchos;Bird;tissue;2015-07-02;1.31;28.4;16.4;;
MH507972;USA;USA: San_Diego,California;USA;CA;Corvus brachyrhynchos;Bird;tissue;2015-07-21;1.31;28.4;16.4;;
OQ721171;USA;USA: San Diego, California;USA;CA;Corvus brachyrhynchos;Bird;tissue;2015-08-03;0.02;31.4;18.1;;
MH507974;USA;USA: San_Diego,California;USA;CA;Corvus brachyrhynchos;Bird;tissue;2015-08-07;0.02;31.4;18.1;;
OQ721403;USA;USA: San Diego, California;USA;CA;Corvus brachyrhynchos;Bird;tissue;2015-08-17;0.02;31.4;18.1;;
OQ721767;USA;USA: San Diego, California;USA;CA;Corvus brachyrhynchos;Bird;tissue;2015-08-24;0.02;31.4;18.1;;
MH507976;USA;USA: San_Diego,California;USA;CA;Corvus brachyrhynchos;Bird;tissue;2015-08-28;0.02;31.4;18.1;;
OQ721804;USA;USA: San Diego, California;USA;CA;Corvus brachyrhynchos;Bird;tissue;2015-09-03;0.97;30.0;17.4;;
MH507977;USA;USA: San_Diego,California;USA;CA;Corvus brachyrhynchos;Bird;tissue;2015-09-04;0.97;30.0;17.4;;
OQ721522;USA;USA: San Diego, California;USA;CA;Corvus brachyrhynchos;Bird;tissue;2015-09-08;0.97;30.0;17.4;;
OQ721217;USA;USA: San Diego, California;USA;CA;Corvus brachyrhynchos;Bird;tissue;2015-09-10;0.97;30.0;17.4;;
OQ721318;USA;USA: San Diego, California;USA;CA;Corvus brachyrhynchos;Bird;tissue;2015-09-10;0.97;30.0;17.4;;
OQ721205;USA;USA: San Diego, California;USA;CA;Corvus brachyrhynchos;Bird;tissue;2015-09-22;0.97;30.0;17.4;;
OQ721561;USA;USA: San Diego, California;USA;CA;Corvus brachyrhynchos;Bird;tissue;2015-09-22;0.97;30.0;17.4;;
OQ721571;USA;USA: San Diego, California;USA;CA;Corvus brachyrhynchos;Bird;tissue;2015-09-22;0.97;30.0;17.4;;
OQ721696;USA;USA: San Diego, California;USA;CA;Corvus brachyrhynchos;Bird;tissue;2015-09-28;0.97;30.0;17.4;;
OQ721685;USA;USA: San Diego, California;USA;CA;Corvus brachyrhynchos;Bird;tissue;2015-10-01;0.64;26.4;14.4;;
MH507616;USA;USA: San_Diego,California;USA;CA;Corvus brachyrhynchos;Bird;tissue;2015-10-02;0.64;26.4;14.4;;
MH507978;USA;USA: San_Diego,California;USA;CA;Corvus brachyrhynchos;Bird;tissue;2015-10-06;0.64;26.4;14.4;;
OQ721493;USA;USA: San Diego, California;USA;CA;Corvus brachyrhynchos;Bird;tissue;2015-10-07;0.64;26.4;14.4;;
MH507979;USA;USA: San_Diego,California;USA;CA;Corvus brachyrhynchos;Bird;tissue;2015-10-09;0.64;26.4;14.4;;
MH507980;USA;USA: San_Diego,California;USA;CA;Corvus brachyrhynchos;Bird;tissue;2015-10-13;0.64;26.4;14.4;;
MH507981;USA;USA: San_Diego,California;USA;CA;Corvus brachyrhynchos;Bird;tissue;2015-10-20;0.64;26.4;14.4;;
OQ721572;USA;USA: San Diego, California;USA;CA;Corvus brachyrhynchos;Bird;tissue;2015-11-02;1.15;20.1;7.0;;
MH507698;USA;USA: San_Diego,California;USA;CA;Corvus brachyrhynchos;Bird;tissue;2015-11-10;1.15;20.1;7.0;;
OQ721600;USA;USA: San Diego, California;USA;CA;Corvus brachyrhynchos;Bird;tissue;2015-11-16;1.15;20.1;7.0;;
MH507701;USA;USA: San_Diego,California;USA;CA;Corvus brachyrhynchos;Bird;tissue;2016-02-03;0.56;22.7;8.1;;
OQ721601;USA;USA: San Diego, California;USA;CA;Corvus brachyrhynchos;Bird;tissue;2016-02-28;0.56;22.7;8.1;;
MH507986;USA;USA: San_Diego,California;USA;CA;Corvus brachyrhynchos;Bird;tissue;2016-04-14;0.92;21.8;9.3;;
OQ721628;USA;USA: San Diego, California;USA;CA;Corvus brachyrhynchos;Bird;tissue;2016-04-28;0.92;21.8;9.3;;
MH507987;USA;USA: San_Diego,California;USA;CA;Corvus brachyrhynchos;Bird;tissue;2016-05-02;0.52;21.4;10.9;;
OQ721639;USA;USA: San Diego, California;USA;CA;Corvus brachyrhynchos;Bird;tissue;2017-07-06;0.08;30.8;18.2;;
OQ721777;USA;USA: San Diego, California;USA;CA;Corvus brachyrhynchos;Bird;tissue;2017-08-04;0.13;30.2;17.7;;
OQ721544;USA;USA: San Diego, California;USA;CA;Corvus brachyrhynchos;Bird;tissue;2017-08-15;0.13;30.2;17.7;;
OQ721766;USA;USA: San Diego, California;USA;CA;Corvus brachyrhynchos;Bird;tissue;2017-08-24;0.13;30.2;17.7;;
OQ721631;USA;USA: San Diego, California;USA;CA;Corvus brachyrhynchos;Bird;tissue;2017-09-11;0.08;27.4;14.9;;
OQ721583;USA;USA: Kern, California;USA;CA;Corvus brachyrhynchos;Bird;tissue;2004-08-11;0.00;36.8;14.7;;
OQ721187;USA;USA: Kern, California;USA;CA;Corvus brachyrhynchos;Bird;tissue;2012-07-31;;;;;
MH507884;USA;USA: Bakersfield,California;USA;CA;Corvus brachyrhynchos;Bird;tissue;2012-06-24;0.00;33.1;17.4;;
MH507886;USA;USA: Bakersfield,California;USA;CA;Corvus brachyrhynchos;Bird;tissue;2012-07-10;0.02;36.2;20.5;;
OQ721690;USA;USA: Sacramento, California;USA;CA;Corvus corax;Bird;tissue;2008-06-17;0.00;32.1;13.7;;
OQ721781;USA;USA: Sacramento, California;USA;CA;Euphagus cyanocephalus;Bird;tissue;2016-06-22;0.00;33.2;14.7;;
OQ721319;USA;USA: Kern, California;USA;CA;Euphagus cyanocephalus;Bird;tissue;2004-09-08;0.00;33.6;11.7;;
MH507881;USA;USA: Bakersfield,California;USA;CA;Euphagus cyanocephalus;Bird;tissue;2012-06-10;0.00;33.1;17.4;;
MH507882;USA;USA: Bakersfield,California;USA;CA;Falco sparverius;Bird;tissue;2012-06-13;0.00;33.1;17.4;;
OQ721775;USA;USA: Sacramento, California;USA;CA;Haemorhous mexicanus;Bird;tissue;2005-08-01;0.00;34.9;15.7;;
OQ721227;USA;USA: Sacramento, California;USA;CA;Haemorhous mexicanus;Bird;tissue;2007-07-24;0.00;33.7;15.6;;
OQ721503;USA;USA: Kern, California;USA;CA;Haemorhous mexicanus;Bird;tissue;2005-08-01;0.84;36.9;16.3;;
MH507836;USA;USA: Bakersfield,California;USA;CA;Haemorhous mexicanus;Bird;tissue;2006-08-17;0.00;34.8;19.7;;
MH507857;USA;USA: Bakersfield,California;USA;CA;Haemorhous mexicanus;Bird;tissue;2009-06-14;0.06;31.7;18.3;;
MH507715;USA;USA: Bakersfield,California;USA;CA;Haemorhous mexicanus;Bird;tissue;2009-06-18;0.06;31.7;18.3;;
MH507870;USA;USA: Bakersfield,California;USA;CA;Haemorhous mexicanus;Bird;tissue;2010-07-23;0.00;36.6;21.2;;
MH507885;USA;USA: Bakersfield,California;USA;CA;Haemorhous mexicanus;Bird;tissue;2012-07-09;0.02;36.2;20.5;;
OQ721295;USA;USA: Sacramento, California;USA;CA;Mimus polyglottos;Bird;tissue;2005-07-21;0.00;36.3;17.2;;
OQ721196;USA;USA: Sacramento, California;USA;CA;Mimus polyglottos;Bird;tissue;2011-08-23;0.00;33.3;14.4;;
OQ721479;USA;USA: Kern, California;USA;CA;Passer domesticus;Bird;tissue;2005-07-26;0.00;38.8;17.8;;
OQ721688;USA;USA: Kern, California;USA;CA;Passer domesticus;Bird;tissue;2005-08-19;0.84;36.9;16.3;;
MH507834;USA;USA: Bakersfield,California;USA;CA;Passer domesticus;Bird;tissue;2006-08-14;0.00;34.8;19.7;;
MH507856;USA;USA: Bakersfield,California;USA;CA;Passer domesticus;Bird;tissue;2008-09-24;0.00;33.7;18.3;;
MH507861;USA;USA: Bakersfield,California;USA;CA;Passer domesticus;Bird;tissue;2009-06-24;0.06;31.7;18.3;;
MH507863;USA;USA: Bakersfield,California;USA;CA;Passer domesticus;Bird;tissue;2009-07-13;0.00;37.9;22.6;;
MH507865;USA;USA: Bakersfield,California;USA;CA;Passer domesticus;Bird;tissue;2010-07-06;0.00;36.6;21.2;;
MH507869;USA;USA: Bakersfield,California;USA;CA;Passer domesticus;Bird;tissue;2010-07-22;0.00;36.6;21.2;;
MH507871;USA;USA: Bakersfield,California;USA;CA;Passer domesticus;Bird;tissue;2010-07-26;0.00;36.6;21.2;;
MH507874;USA;USA: Bakersfield,California;USA;CA;Passer domesticus;Bird;tissue;2011-06-17;0.08;32.2;16.8;;
MH507875;USA;USA: Bakersfield,California;USA;CA;Passer domesticus;Bird;tissue;2011-06-17;0.08;32.2;16.8;;
MH507879;USA;USA: Bakersfield,California;USA;CA;Passer domesticus;Bird;tissue;2011-11-17;0.76;17.5;6.2;;
OQ721116;USA;USA: Sacramento, California;USA;CA;Turdus migratorius;Bird;tissue;2009-09-04;0.19;32.9;14.6;;
OQ721617;USA;USA: Kern, California;USA;CA;Turdus migratorius;Bird;tissue;2005-06-16;0.00;30.5;10.9;;
MH507827;USA;USA: Bakersfield,California;USA;CA;Turdus migratorius;Bird;tissue;2006-07-13;0.00;38.4;23.7;;
MH507855;USA;USA: Bakersfield,California;USA;CA;Turdus migratorius;Bird;tissue;2008-07-23;0.00;36.2;22.5;;
MH507864;USA;USA: Bakersfield,California;USA;CA;Turdus migratorius;Bird;tissue;2009-07-23;0.00;37.9;22.6;;
MH507854;USA;USA: Bakersfield,California;USA;CA;Zenaida macroura;Bird;tissue;2008-03-13;0.00;21.2;7.7;;
OX442294;Germany;Germany: Brandenburg;Germany;;Accipiter gentilis;Bird;;2020-08-14;3.75;27.8;15.3;;
OX442285;Germany;Germany: Berlin;Germany;;Accipiter gentilis;Bird;;2020-08-31;1.97;28.3;14.7;;
OX442289;Germany;Germany: Berlin;Germany;;Accipiter gentilis;Bird;;2020-08-23;1.97;28.3;14.7;;
OX442292;Germany;Germany: Berlin;Germany;;Accipiter gentilis;Bird;;2020-08;1.97;28.3;14.7;;
OX442298;Germany;Germany: Berlin;Germany;;Accipiter gentilis;Bird;;2020-09;2.08;22.0;10.8;;
OX442300;Germany;Germany: Berlin;Germany;;Accipiter gentilis;Bird;;2020-08-09;1.97;28.3;14.7;;
OX442302;Germany;Germany: Berlin;Germany;;Accipiter gentilis;Bird;;2020-09;2.08;22.0;10.8;;
OX442305;Germany;Germany: Berlin;Germany;;Accipiter gentilis;Bird;;2020-08-01;1.97;28.3;14.7;;
OX442306;Germany;Germany: Berlin;Germany;;Accipiter gentilis;Bird;;2020-08-08;1.97;28.3;14.7;;
OX442307;Germany;Germany: Berlin;Germany;;Accipiter gentilis;Bird;;2020-08-13;1.97;28.3;14.7;;
OX442312;Germany;Germany: Berlin;Germany;;Accipiter gentilis;Bird;;2020-06-13;1.96;25.4;12.4;;
OX442348;Germany;Germany: Berlin;Germany;;Accipiter gentilis;Bird;;2020-09;2.08;22.0;10.8;;
OX442279;Germany;Germany: Saxony;Germany;;Accipiter gentilis;Bird;;2020-07-30;1.44;25.6;12.8;;
EF631161;USA;USA: Illinois, Cook County;USA;IL;Agelaius phoeniceus;Bird;;2005-08-28;2.19;29.1;17.4;;
MW751835;Serbia;Serbia: Subotica;Serbia;;Asio otus;Bird;;2018-08-28;2.02;31.0;17.9;;
OX442295;Germany;Germany: Brandenburg;Germany;;Athene noctua;Bird;;2020-09;1.49;22.2;8.7;;
OX442309;Germany;Germany: Brandenburg;Germany;;Athene noctua;Bird;;2020-08-18;3.75;27.8;15.3;;
OX442299;Germany;Germany: Brandenburg;Germany;;Bombycilla garrulus;Bird;;2020-08-11;3.75;27.8;15.3;;
OX442277;Germany;Germany: Saxony-Anhalt;Germany;;Bubo scandiacus;Bird;;2020-09-02;1.8;22.6;9.7;;
OX442291;Germany;Germany: Saxony-Anhalt;Germany;;Bubo scandiacus;Bird;;2020-09-02;1.8;22.6;9.7;;
OX442304;Germany;Germany: Saxony-Anhalt;Germany;;Bubo scandiacus;Bird;;2020-08-15;2.58;27.6;15.3;;
KX547263;USA;USA: Albany Co., NY;USA;NY;Cardinalis cardinalis;Bird;;2002-09-16;3.14;23.9;11.3;;
EF631162;USA;USA: Illinois, Cook County;USA;IL;Colaptes auratus;Bird;;2005-08-01;2.19;29.1;17.4;;
EF631163;USA;USA: Illinois, Cook County;USA;IL;Colaptes auratus;Bird;;2005-08-01;2.19;29.1;17.4;;
DQ874424;USA;USA: Illinois, Cook;USA;IL;Corvus brachyrhynchos;Bird;;2002-07-23;1.63;30.6;20.4;;
DQ874426;USA;USA: Illinois, Cook;USA;IL;Corvus brachyrhynchos;Bird;;2002-07-23;1.63;30.6;20.4;;
DQ874427;USA;USA: Illinois, Cook;USA;IL;Corvus brachyrhynchos;Bird;;2002-07-26;1.63;30.6;20.4;;
DQ874430;USA;USA: Illinois, Cook;USA;IL;Corvus brachyrhynchos;Bird;;2002-07-26;1.63;30.6;20.4;;
DQ874425;USA;USA: Illinois, Cook;USA;IL;Corvus brachyrhynchos;Bird;;2002-07-30;1.63;30.6;20.4;;
DQ874429;USA;USA: Illinois, Iroquois;USA;IL;Corvus brachyrhynchos;Bird;;2002-08-05;6.25;28.9;18.1;;
DQ874431;USA;USA: Illinois, Clinton;USA;IL;Corvus brachyrhynchos;Bird;;2002-08-07;6.25;28.9;18.1;;
DQ874437;USA;USA: Illinois, Grundy;USA;IL;Corvus brachyrhynchos;Bird;;2002-08-23;6.25;28.9;18.1;;
DQ874452;USA;USA: Illinois, Mclean;USA;IL;Corvus brachyrhynchos;Bird;;2003-07-16;5.50;28.1;17.1;;
DQ874453;USA;USA: Illinois, Champaign;USA;IL;Corvus brachyrhynchos;Bird;;2003-08-05;2.11;28.5;18.6;;
DQ874455;USA;USA: Illinois, Champaign;USA;IL;Corvus brachyrhynchos;Bird;;2003-08-26;2.11;28.5;18.6;;
DQ874456;USA;USA: Illinois, Cook;USA;IL;Corvus brachyrhynchos;Bird;;2003-09-10;1.97;23.2;12.3;;
DQ874457;USA;USA: Illinois, Dekalb;USA;IL;Corvus brachyrhynchos;Bird;;2003-09-19;1.97;23.2;12.3;;
DQ874459;USA;USA: Illinois, Mclean;USA;IL;Corvus brachyrhynchos;Bird;;2004-06-09;3.07;24.72;13;;
DQ874460;USA;USA: Illinois, Vermilion;USA;IL;Corvus brachyrhynchos;Bird;;2004-06-09;3.07;24.72;13;;
DQ874461;USA;USA: Illinois, Cook;USA;IL;Corvus brachyrhynchos;Bird;;2004-06-28;3.07;24.72;13;;
DQ874465;USA;USA: Illinois, Cook;USA;IL;Corvus brachyrhynchos;Bird;;2004-08-27;4.33;21.4;9.9;;
DQ874466;USA;USA: Illinois, Cook;USA;IL;Corvus brachyrhynchos;Bird;;2004-09-02;0.48;21.0;10.3;;
DQ874468;USA;USA: Illinois, Cook;USA;IL;Corvus brachyrhynchos;Bird;;2004-09-17;0.48;21.0;10.3;;
DQ874469;USA;USA: Illinois, Cook;USA;IL;Corvus brachyrhynchos;Bird;;2004-09-24;0.48;21.0;10.3;;
DQ874402;USA;USA: Illinois, Lee;USA;IL;Corvus brachyrhynchos;Bird;;2005-06-17;0.79;22.2;12.1;;
DQ874403;USA;USA: Illinois, Lake;USA;IL;Corvus brachyrhynchos;Bird;;2005-06-18;0.79;22.2;12.1;;
DQ874404;USA;USA: Illinois, Rock Island;USA;IL;Corvus brachyrhynchos;Bird;;2005-07-07;2.26;24.7;15.0;;
DQ874405;USA;USA: Illinois, Dupage;USA;IL;Corvus brachyrhynchos;Bird;;2005-07-12;2.26;24.7;15.0;;
DQ874407;USA;USA: Illinois, Kane;USA;IL;Corvus brachyrhynchos;Bird;;2005-07-12;2.26;24.7;15.0;;
DQ874406;USA;USA: Illinois, Saintclair;USA;IL;Corvus brachyrhynchos;Bird;;2005-07-13;2.26;24.7;15.0;;
DQ874408;USA;USA: Illinois, Cook;USA;IL;Corvus brachyrhynchos;Bird;;2005-07-18;2.26;24.7;15.0;;
DQ874409;USA;USA: Illinois, Cook;USA;IL;Corvus brachyrhynchos;Bird;;2005-07-18;2.26;24.7;15.0;;
DQ874410;USA;USA: Illinois, Lake;USA;IL;Corvus brachyrhynchos;Bird;;2005-07-20;2.26;24.7;15.0;;
DQ874413;USA;USA: Illinois, Mchenry;USA;IL;Corvus brachyrhynchos;Bird;;2005-07-29;2.26;24.7;15.0;;
DQ874412;USA;USA: Illinois, Mchenry;USA;IL;Corvus brachyrhynchos;Bird;;2005-08-01;2.19;29.1;17.4;;
DQ874414;USA;USA: Illinois, Cook;USA;IL;Corvus brachyrhynchos;Bird;;2005-08-02;2.19;29.1;17.4;;
DQ874415;USA;USA: Illinois, Winnebago;USA;IL;Corvus brachyrhynchos;Bird;;2005-08-02;2.19;29.1;17.4;;
DQ874416;USA;USA: Illinois, Lake;USA;IL;Corvus brachyrhynchos;Bird;;2005-08-03;2.19;29.1;17.4;;
DQ874417;USA;USA: Illinois, Mchenry;USA;IL;Corvus brachyrhynchos;Bird;;2005-08-09;2.19;29.1;17.4;;
DQ874418;USA;USA: Illinois, Springfield;USA;IL;Corvus brachyrhynchos;Bird;;2005-09-17;2.60;23.5;13.7;;
DQ874419;USA;USA: Illinois, Rockford;USA;IL;Corvus brachyrhynchos;Bird;;2005-09-27;2.60;23.5;13.7;;
KX547305;USA;USA: Albany Co., NY;USA;NY;Corvus brachyrhynchos;Bird;;2002-08-25;4.53;28.3;16.0;;
KX547346;USA;USA: Albany Co., NY;USA;NY;Corvus brachyrhynchos;Bird;;2004-06-18;2.20;23.9;12.0;;
KX547523;USA;USA: Albany Co., NY;USA;NY;Corvus brachyrhynchos;Bird;;2005-07-16;5.24;27.8;16.8;;
KX547270;USA;USA: Albany Co., NY;USA;NY;Corvus brachyrhynchos;Bird;;2006-08-23;4.90;26.0;14.8;;
KX547404;USA;USA: Albany Co., NY;USA;NY;Corvus brachyrhynchos;Bird;;2008-08-18;3.00;25.4;14.0;;
KX547187;USA;USA: Albany Co., NY;USA;NY;Corvus brachyrhynchos;Bird;;2008-08-28;3.00;25.4;14.0;;
KX547585;USA;USA: Albany Co., NY;USA;NY;Corvus brachyrhynchos;Bird;;2009-09-02;1.84;21.1;9.5;;
KX547568;USA;USA: Albany Co., NY;USA;NY;Corvus brachyrhynchos;Bird;;2010-08-20;3.32;26.8;15.6;;
KX547278;USA;USA: Albany Co., NY;USA;NY;Corvus brachyrhynchos;Bird;;2012-09-17;5.32;22.1;10.4;;
OX442311;Germany;Germany: Berlin;Germany;;Corvus cornix;Bird;;2020-08-18;1.97;28.3;14.7;;
OX442303;Germany;Germany: Saxony;Germany;;Cyanistes caeruleus;Bird;;2020-08;3.69;27.8;15.3;;
OX442286;Germany;Germany: Thuringia;Germany;;Cyanistes caeruleus;Bird;;2020-08;3.55;25.6;14.8;;
DQ874454;USA;USA: Illinois, Perry;USA;IL;Cyanocitta cristata;Bird;;2003-08-14;2.11;28.5;18.6;;
DQ874458;USA;USA: Illinois, Bond;USA;IL;Cyanocitta cristata;Bird;;2003-10-15;1.91;17.0;5.8;;
DQ874462;USA;USA: Illinois, Will;USA;IL;Cyanocitta cristata;Bird;;2004-07-07;3.67;24.4;12.7;;
DQ874464;USA;USA: Illinois, Fayette;USA;IL;Cyanocitta cristata;Bird;;2004-08-24;4.33;21.4;9.9;;
DQ874411;USA;USA: Illinois, Kendall;USA;IL;Cyanocitta cristata;Bird;;2005-07-31;2.26;24.7;15.0;;
DQ874420;USA;USA: Illinois, Henry;USA;IL;Cyanocitta cristata;Bird;;2005-09-30;2.60;23.5;13.7;;
KX547355;USA;USA: Albany Co., NY;USA;NY;Cyanocitta cristata;Bird;;2005-09-13;1.72;24.9;11.8;;
MW751837;Serbia;Serbia: Curug;Serbia;;Falco tinnunculus;Bird;;2018-06-25;6.41;27.2;16.2;;
OX442301;Germany;Germany: Thuringia;Germany;;Garrulus glandarius;Bird;;2020-08;3.55;25.6;14.8;;
EF631153;USA;USA: Illinois, Cook County;USA;IL;Haemorhous mexicanus;Bird;;2005-07-28;2.26;24.7;15.0;;
EF631152;USA;USA: Illinois, Cook County;USA;IL;Haemorhous mexicanus;Bird;;2005-08-09;2.19;29.1;17.4;;
KX547168;USA;USA: Albany Co., NY;USA;NY;Haemorhous mexicanus;Bird;;2012-09-27;5.32;22.1;10.4;;
OX442290;Germany;Germany: Saxony-Anhalt;Germany;;Lathamus discolor;Bird;;2020-09-21;1.8;22.6;9.7;;
OX442273;Germany;Germany: Saxony;Germany;;Parus major;Bird;;2020-08;3.69;27.8;15.3;;
EF631160;USA;USA: Illinois, Cook County;USA;IL;Passer domesticus;Bird;;2005-08-01;2.19;29.1;17.4;;
EF631156;USA;USA: Illinois, Cook County;USA;IL;Passer domesticus;Bird;;2005-08-03;2.19;29.1;17.4;;
EF631157;USA;USA: Illinois, Cook County;USA;IL;Passer domesticus;Bird;;2005-08-03;2.19;29.1;17.4;;
EF631158;USA;USA: Illinois, Cook County;USA;IL;Passer domesticus;Bird;;2005-08-03;2.19;29.1;17.4;;
EF631159;USA;USA: Illinois, Cook County;USA;IL;Passer domesticus;Bird;;2005-08-03;2.19;29.1;17.4;;
KY782110;USA;USA: Illinois, West Chicago suburbs;USA;IL;Passer domesticus;Bird;;2005-08-03;2.19;29.1;17.4;;
EF631154;USA;USA: Illinois, Cook County;USA;IL;Passer domesticus;Bird;;2005-08-09;2.19;29.1;17.4;;
EF631155;USA;USA: Illinois, Cook County;USA;IL;Passer domesticus;Bird;;2005-08-09;2.19;29.1;17.4;;
OX451204;Germany;Germany: Saxony-Anhalt;Germany;;Phoenicopterus chilensis;Bird;;2020-08-26;2.58;27.6;15.3;;
OX442282;Germany;Germany: Berlin;Germany;;Phoenicopterus ruber;Bird;;2020-08-22;1.97;28.3;14.7;;
KY782107;USA;USA: Illinois, West Chicago suburbs;USA;IL;Poecile atricapillus;Bird;;2012-08-01;5.07;28.9;18.1;;
OZ201416;USA;USA:Connecticut;USA;CT;Psorophora ferox;Bird;;2018-10-09;4.99;16.2;6.4;;
OX442275;Germany;Germany: Saxony-Anhalt;Germany;;Pyrrhocorax graculus;Bird;;2020-07-12;1.93;24.5;12.4;;
KX547311;USA;USA: Albany Co., NY;USA;NY;Sciurus carolinensis;Bird;;2003-09-25;5.22;22.0;10.7;;
KX547609;USA;USA: Albany Co., NY;USA;NY;Sciurus carolinensis;Bird;;2003-09-25;5.22;22.0;10.7;;
OX442278;Germany;Germany: Saxony-Anhalt;Germany;;Serinus canaria;Bird;;2020-09;1.8;22.6;9.7;;
KY782106;USA;USA: Illinois, West Chicago suburbs;USA;IL;Spinus tristis;Bird;;2012-07-25;3.75;32.9;22.2;;
KY782109;USA;USA: Illinois, West Chicago suburbs;USA;IL;Turdus migratorius;Bird;;2005-08-03;2.19;29.1;17.4;;
KY782105;USA;USA: Illinois, West Chicago suburbs;USA;IL;Turdus migratorius;Bird;;2012-07-18;3.75;32.9;22.2;;
KY782108;USA;USA: Illinois, West Chicago suburbs;USA;IL;Turdus migratorius;Bird;;2010-08-24;2.74;25.5;17.7;;
MH507852;USA;USA: Bakersfield,California;USA;CA;Aphelocoma californica;Bird;tissue;2007-07-13;0.00;35.9;21.3;;
MH507858;USA;USA: Bakersfield,California;USA;CA;Aphelocoma californica;Bird;tissue;2009-06-08;0.06;31.7;18.3;;
MH507860;USA;USA: Bakersfield,California;USA;CA;Aphelocoma californica;Bird;tissue;2009-06-15;0.06;31.7;18.3;;
MH507866;USA;USA: Bakersfield,California;USA;CA;Aphelocoma californica;Bird;tissue;2010-07-12;0.00;36.6;21.2;;
MH507867;USA;USA: Bakersfield,California;USA;CA;Aphelocoma californica;Bird;tissue;2010-07-19;0.00;36.6;21.2;;
MH507872;USA;USA: Bakersfield,California;USA;CA;Aphelocoma californica;Bird;tissue;2010-07-26;0.00;36.6;21.2;;
MH507873;USA;USA: Bakersfield,California;USA;CA;Aphelocoma californica;Bird;tissue;2010-07-28;0.00;36.6;21.2;;
MH507876;USA;USA: Bakersfield,California;USA;CA;Aphelocoma californica;Bird;tissue;2011-08-05;0.00;36.7;20.1;;
MH507877;USA;USA: Bakersfield,California;USA;CA;Aphelocoma californica;Bird;tissue;2011-08-08;0.00;36.7;20.1;;
MH507878;USA;USA: Bakersfield,California;USA;CA;Aphelocoma californica;Bird;tissue;2011-08-08;0.00;36.7;20.1;;
MH507880;USA;USA: Bakersfield,California;USA;CA;Aphelocoma californica;Bird;tissue;2012-06-08;0.00;33.1;17.4;;
MH507883;USA;USA: Bakersfield,California;USA;CA;Aphelocoma californica;Bird;tissue;2012-06-18;0.00;33.1;17.4;;
MH507887;USA;USA: Bakersfield,California;USA;CA;Aphelocoma californica;Bird;tissue;2013-06-10;0.00;34.6;19.3;;
MH507888;USA;USA: Bakersfield,California;USA;CA;Aphelocoma californica;Bird;tissue;2013-07-08;0.00;38.6;23.2;;
